"Data Source","World Development Indicators",

"Last Updated Date","2018-11-14",

"Country Name","Country Code","Indicator Name","Indicator Code","1960","1961","1962","1963","1964","1965","1966","1967","1968","1969","1970","1971","1972","1973","1974","1975","1976","1977","1978","1979","1980","1981","1982","1983","1984","1985","1986","1987","1988","1989","1990","1991","1992","1993","1994","1995","1996","1997","1998","1999","2000","2001","2002","2003","2004","2005","2006","2007","2008","2009","2010","2011","2012","2013","2014","2015","2016","2017",
"Aruba","ABW","Physicians (per 1,000 people)","SH.MED.PHYS.ZS","","","","","","","","","","","","","","","","","","","","","","","","","","","","","","","","","","","","1.12","","","","","","","","","","","","","","","","","","","","","","",
"Afghanistan","AFG","Physicians (per 1,000 people)","SH.MED.PHYS.ZS","0.035","","","","","0.063","","","","","0.065","","","","","","","","","","","0.077","","","","","0.183","0.179","","0.129","0.109","","","0.143","","","","0.11","","","","0.2","","","","","0.168","0.183","0.182","0.222","0.247","0.263","0.253","0.299","0.315","0.302","0.295","",
"Angola","AGO","Physicians (per 1,000 people)","SH.MED.PHYS.ZS","0.067","","","","","0.076","","","","","0.116","","","","","","","","","","","","","","0.059","","","","","","0.042","","","","","","","0.064","","","","","","","0.067","","","","","0.144","","","","","","","","",
"Albania","ALB","Physicians (per 1,000 people)","SH.MED.PHYS.ZS","0.276","","","","","0.481","","","","","0.739","0.911","0.845","","","","","1.036","","","1.367","","","1.415","1.407","1.406","","","","1.403","1.374","1.47","1.65","1.425","","1.306","1.354","1.295","1.289","1.282","1.389","","1.305","","","","","1.146","","1.144","1.254","1.24","1.283","1.286","","","","",
"Andorra","AND","Physicians (per 1,000 people)","SH.MED.PHYS.ZS","","","","","","","","","","","","","","","","","","","","","","","","","","","","","","","","","","","","2.231","","2.435","2.47","2.594","2.549","2.594","","3.263","","","3.64","3.716","","3.112","4","","","","","3.69","","",
"Arab World","ARB","Physicians (per 1,000 people)","SH.MED.PHYS.ZS","","","","","","","","","","","","","","","","","","","","","","","","","","","","","","","0.717821384498425","","","","","","","","","","1.12355565777511","","","","","","","","","","","","","1.06309534033024","","","","",
"United Arab Emirates","ARE","Physicians (per 1,000 people)","SH.MED.PHYS.ZS","","","","","","","","","","","0.909","","","","","","","","","","1.068","","","","0.953","","","","","","","","","","","","","","","","","1.81","","","","1.55","","1.533","1.929","1.558","1.531","","","","1.558","","","",
"Argentina","ARG","Physicians (per 1,000 people)","SH.MED.PHYS.ZS","1.351","","","","","1.667","","","","","1.892","","","","","1.869","","","","","","","","","2.683","2.705","2.984","","3.032","","2.68","","2.639","","","2.68","","","3.002","","","3.231","","","3.166","3.21","","","","","3.21","","","3.907","","","","",
"Armenia","ARM","Physicians (per 1,000 people)","SH.MED.PHYS.ZS","","","","","","","","","","","","","","","","","","","","","3.211","3.278","3.406","3.454","3.501","3.577","3.674","3.736","3.763","3.881","3.924","3.701","3.597","3.345","3.122","3.042","3.591","3.156","3.156","3.051","2.987","3.526","","3.588","","","3.7","3.697","","2.677","2.759","2.779","2.805","2.811","2.803","","","",
"American Samoa","ASM","Physicians (per 1,000 people)","SH.MED.PHYS.ZS","","","","","","","","","","","","","","","","","","","","","","","","","0.772","","","","","","","","","","","","","","","0.781","","","","","","","","","","","","","","","","","","",
"Antigua and Barbuda","ATG","Physicians (per 1,000 people)","SH.MED.PHYS.ZS","0.294","","","","","","","","","","0.349","","","","","","","","","","","","","","","","","","","","0.76","0.919","","3.03","","0.76","1.141","","","0.158","","","","","","","","","","","","","","","","","","",
"Australia","AUS","Physicians (per 1,000 people)","SH.MED.PHYS.ZS","","1.1","","","","","1.2","","","","","1.2","","","","","1.5","","","","","1.8","","","1.8","1.9","2","2.1","2.1","2.1","2.2","2.3","2.4","2.4","2.4","2.4","2.513","2.4","2.4","2.4","2.5","2.479","2.5","","","","2.672","","","2.885","","3.287","3.285","3.371","3.44","3.496","","",
"Austria","AUT","Physicians (per 1,000 people)","SH.MED.PHYS.ZS","1.2","1.4","1.4","1.4","1.4","1.4","1.4","1.4","1.4","1.4","1.4","1.4","1.4","1.4","1.4","1.5","1.5","1.5","1.5","1.6","1.6","1.7","1.7","1.8","1.8","1.9","1.9","2","2.1","2.2","2.2","2.3","2.4","2.5","2.6","2.7","2.8","2.9","3.1","3.1","3.2","3.3","3.3","3.378","","","3.66","3.794","","","4.779","4.824","4.881","4.984","5.064","5.15","5.23","",
"Azerbaijan","AZE","Physicians (per 1,000 people)","SH.MED.PHYS.ZS","","","","","","","","","","","","","","","","","","","","","3.362","","","","","3.799","3.877","3.906","3.964","3.99","3.917","3.916","3.881","3.928","3.896","3.925","3.899","3.831","3.602","3.521","3.607","3.536","","3.547","","","3.63","3.794","","3.782","3.636","3.407","3.454","3.415","3.402","","","",
"Burundi","BDI","Physicians (per 1,000 people)","SH.MED.PHYS.ZS","0.01","","","","","0.017","","","","","0.017","","","","","0.012","","","","","","","","","0.047","","0.058","","","","0.058","0.059","","0.056","","0.055","","","","","0.052","","","","0.026","","","","","","","","","","","","","",
"Belgium","BEL","Physicians (per 1,000 people)","SH.MED.PHYS.ZS","1.3","1.3","1.4","1.4","1.4","1.5","1.5","1.5","1.6","1.6","","1.5","1.6","1.7","1.8","1.9","1.9","2","2.1","2.2","2.3","2.4","2.5","2.8","2.7","2.8","2.9","3","3.1","3.2","3.3","3.3","3.4","3.4","3.5","3.5","3.6","3.7","3.7","3.8","3.9","3.9","3.9","","","2.045","2.093","","","","2.911","2.924","2.941","2.959","2.971","3.011","","",
"Benin","BEN","Physicians (per 1,000 people)","SH.MED.PHYS.ZS","0.04","","","","","0.03","","","","","0.034","","","","","","","","","","0.059","0.059","","0.075","","0.073","","","","0.071","0.051","0.042","0.055","0.057","0.061","0.058","","","","","","","","","0.039","","","","0.06","","0.059","","0.159","0.146","","","0.153","",
"Burkina Faso","BFA","Physicians (per 1,000 people)","SH.MED.PHYS.ZS","0.011","","","","","0.014","","","","","0.01","","","","","","","","","","0.018","0.018","","0.018","","","0.004","","","0.029","","","","","","0.034","0.035","0.038","","","","0.04","","","0.054","","0.028","","0.032","0.045","0.046","0.038","0.047","","","","","",
"Bangladesh","BGD","Physicians (per 1,000 people)","SH.MED.PHYS.ZS","","","","","","0.123","","","","","0.119","","","","","","","","","","0.12","","","","","0.154","0.144","","","","0.177","0.188","","","","0.201","","0.2","","","","0.243","","0.264","0.273","0.3","0.308","0.32","0.333","0.345","0.354","0.374","0.389","","0.475","0.472","","",
"Bulgaria","BGR","Physicians (per 1,000 people)","SH.MED.PHYS.ZS","1.405","","","","","1.667","","","","","1.863","1.896","1.985","2.042","2.102","2.152","2.205","2.258","2.321","2.408","2.46","2.484","2.588","2.688","2.759","2.865","2.953","3.022","3.09","3.139","3.17","2.979","3.166","3.359","3.327","3.458","3.539","3.447","3.449","","3.399","","","3.562","","","3.66","3.665","3.635","","3.775","3.859","3.916","3.984","3.999","","","",
"Bahrain","BHR","Physicians (per 1,000 people)","SH.MED.PHYS.ZS","0.45","","","","","","","","","","0.429","","","","","","","","","","1.087","","","","","1.219","","","","","","1.315","","0.11","","","","1","","","1.017","1.068","1.092","1.071","0.994","1.07","1.033","1.025","0.989","0.96","0.934","0.925","0.933","0.929","0.939","0.922","","",
"Bahamas, The","BHS","Physicians (per 1,000 people)","SH.MED.PHYS.ZS","0.496","","","","","","","","","","0.76","","","","","","","","","","0.938","","","","0.943","","","","","","1.29","","","1.446","","1.49","1.518","","1.076","","","","","","","","","","2.717","","","2.263","","","","","","",
"Bosnia and Herzegovina","BIH","Physicians (per 1,000 people)","SH.MED.PHYS.ZS","","","","","","","","","","","","","","","","","","","","","1.033","1.089","1.17","1.207","1.28","1.362","1.419","1.485","1.52","1.557","1.57","1.555","","","","","","","1.427","1.401","1.422","1.338","","1.34","","1.418","","","","1.65","1.738","1.796","1.835","1.886","","","","",
"Belarus","BLR","Physicians (per 1,000 people)","SH.MED.PHYS.ZS","","","","","","","","","","","","","","","","","","","","","2.962","","","","","3.329","3.375","3.445","3.512","3.576","3.56","3.576","3.638","4.076","4.142","4.155","4.286","4.365","4.431","4.551","4.579","4.497","4.526","4.55","4.622","4.68","4.78","4.869","4.98","3.702","3.511","3.788","3.873","3.925","4.07","","","",
"Belize","BLZ","Physicians (per 1,000 people)","SH.MED.PHYS.ZS","0.242","","","","","","","","","","0.342","","","","","","","","","","","","","","0.272","","0.451","","0.472","","0.639","","","0.493","","0.6","0.548","","","","1.015","","","","","","","","","0.768","0.828","","","","","","","",
"Bermuda","BMU","Physicians (per 1,000 people)","SH.MED.PHYS.ZS","","","","","","","","","","","","","","","","","","","","","","","","","","","","","","","","","","","","1.2","","1.766","","","","","","","","","","","","","","","","","","","","",
"Bolivia","BOL","Physicians (per 1,000 people)","SH.MED.PHYS.ZS","0.267","","","","","0.311","","","","","0.509","","","","","0.49","","","","","","0.523","","","0.697","","","","","","0.45","","","0.426","","0.34","","1.299","","","","1.216","","","","","","0.336","","","0.444","0.473","","","","","","",
"Brazil","BRA","Physicians (per 1,000 people)","SH.MED.PHYS.ZS","0.374","","","","","0.4","","","","","0.492","","","","","0.624","","","","","","0.767","","","0.927","1.467","","","1.185","","1.076","0.998","1.132","1.16","1.189","1.219","1.25","1.286","1.27","1.367","1.127","1.38","1.406","1.46","1.569","1.645","1.678","1.707","1.755","1.791","1.787","1.821","","1.852","","","","",
"Barbados","BRB","Physicians (per 1,000 people)","SH.MED.PHYS.ZS","0.329","","","","","","","","","","0.523","","","","","","","","","","","","","","0.891","","","","","","1.14","","","1.254","","1.351","","","","1.21","1.353","1.552","","","","1.785","","","","","1.811","","","","","","","",
"Brunei Darussalam","BRN","Physicians (per 1,000 people)","SH.MED.PHYS.ZS","0.146","","","","","","","","","","0.3","","","","","","","","","","0.435","0.487","","","0.534","","","","","","","0.746","","","","","0.848","","","","1.016","","1.165","","1.302","1.078","1.084","1.05","1.481","1.15","1.431","1.522","1.47","","","1.746","","",
"Bhutan","BTN","Physicians (per 1,000 people)","SH.MED.PHYS.ZS","","","","","","","","","","","","","","","","","","","","","","0.125","0.102","","","","","","","","0.333","","","","0.17","0.16","","","","0.051","","","","","0.186","","","0.211","0.246","","0.023","","0.261","0.269","0.319","0.324","0.381","",
"Botswana","BWA","Physicians (per 1,000 people)","SH.MED.PHYS.ZS","0.042","","","","","0.036","","","","","0.064","","","","","0.133","","","","","0.123","0.134","","0.144","","","","","0.2","0.194","","","","0.194","0.238","","","","0.253","0.297","0.287","0.289","0.3","0.291","0.389","0.25","0.312","","0.338","0.345","0.336","","0.384","","","","","",
"Central African Republic","CAF","Physicians (per 1,000 people)","SH.MED.PHYS.ZS","0.02","","","","","0.03","","","","","0.023","","","","","","","","","","0.043","0.044","0.043","","","","","","","0.039","0.038","","","0.055","","0.035","","","","","","","","","0.083","","","","0.04","0.047","","","","","","","","",
"Canada","CAN","Physicians (per 1,000 people)","SH.MED.PHYS.ZS","","1.1","1.2","1.3","1.3","1.3","1.3","1.3","1.3","1.4","1.4","1.5","1.6","1.6","1.6","1.7","1.7","1.7","1.8","1.8","1.8","1.8","1.9","1.9","1.9","2","2","2.1","2.1","2.1","2.1","2.1","2.1","2.2","2.1","2.1","2.1","2.1","1.863","2.1","","1.889","1.899","","1.899","","1.911","","1.961","","2.041","","","2.453","2.497","2.539","","",
"Central Europe and the Baltics","CEB","Physicians (per 1,000 people)","SH.MED.PHYS.ZS","","","","","","","","","","","","","","","","","","","","","","","","","","","","","","","2.43960209132638","","","","","","","","","","2.63648932423387","","","","","","","","","","","","","2.89722107081564","","","","",
"Switzerland","CHE","Physicians (per 1,000 people)","SH.MED.PHYS.ZS","1.4","1.4","1.4","1.4","1.4","1.4","1.4","1.4","1.4","1.5","1.5","1.6","1.6","1.7","1.8","1.9","2","2.1","2.2","2.4","2.5","2.6","2.6","2.6","2.6","2.7","2.8","2.9","3","2.9","3","3","3","3.1","3.1","3.2","3.2","3.3","3.3","3.4","3.5","3.5","3.615","","","","3.97","","","","3.806","3.826","3.903","4.025","4.114","4.189","4.248","",
"Channel Islands","CHI","Physicians (per 1,000 people)","SH.MED.PHYS.ZS","1.019","","","","","","","","","","1.2","","","","","","","","","","1.457","1.522","","","","","","","","","","","","","","","","","","","","","","","","","","","","","","","","","","","","",
"Chile","CHL","Physicians (per 1,000 people)","SH.MED.PHYS.ZS","0.559","","","","","0.473","","","","","0.463","","","","","","","","","0.516","","","","","0.817","","","","","","1.1","1.066","1.006","","1.103","1.08","","","1.153","","","","0.9","0.954","0.991","0.986","1.045","1.041","1.043","1.033","","","","","","","","",
"China","CHN","Physicians (per 1,000 people)","SH.MED.PHYS.ZS","","","","","","1.07","0.96","0.94","0.91","0.88","0.86","0.85","0.86","0.89","0.92","0.96","1","1.03","1.08","1.12","1.18","1.25","1.3","1.32","1.33","1.34","1.35","1.37","1.47","1.54","1.123","1.55","1.55","1.55","1.58","1.179","1.185","1.2","1.199","1.23","1.255","1.055","1.133","","","","","","","1.421","1.462","1.5","1.569","1.668","1.724","1.812","","",
"Cote d'Ivoire","CIV","Physicians (per 1,000 people)","SH.MED.PHYS.ZS","0.033","","","","","0.048","","","","","0.064","","","","","","","","","","","","","","","0.071","","","","","0.088","","","","","","0.09","","","","","","","","0.117","0.094","","","0.143","","0.144","","","","","","","",
"Cameroon","CMR","Physicians (per 1,000 people)","SH.MED.PHYS.ZS","0.034","","","","","0.037","","","","","0.034","","","","","0.072","","","","0.071","","","","","","","","","","0.084","0.082","","0.084","0.073","","","0.074","","","","","","","","0.177","0.058","","0.069","","0.067","0.083","","","","","","","",
"Congo, Dem. Rep.","COD","Physicians (per 1,000 people)","SH.MED.PHYS.ZS","0.015","","","","","0.028","","","","","0.035","","","","","0.036","","","","0.073","","","","","","","","0.075","","","0.066","","","","","","0.069","","","","","","","","0.107","","","","","0.091","","","","","","","","",
"Congo, Rep.","COG","Physicians (per 1,000 people)","SH.MED.PHYS.ZS","0.06","","","","","0.068","","","","","0.101","","","","","","","","0.174","","","","0.119","","","0.252","0.252","","","","0.276","","","","","0.251","","","0.73","","","","","","0.222","","0.217","0.108","","","0.095","","","","","","","",
"Colombia","COL","Physicians (per 1,000 people)","SH.MED.PHYS.ZS","0.354","","","","","0.377","","","","","0.42","","","","","","","0.478","","","","","","","0.758","","0.808","","0.873","","0.98","1.026","1.07","1.112","1.14","","1.199","1.233","1.268","1.3","","","1.413","","","1.451","1.474","1.497","1.521","1.544","1.568","1.669","1.713","1.766","1.821","","","",
"Comoros","COM","Physicians (per 1,000 people)","SH.MED.PHYS.ZS","","","","","","","","","","","","","","","","","","","","","","","","","0.084","","","","0.163","","0.113","","0.127","","","","","0.074","","","","","","","0.19","","","","","","","","","","","","","",
"Cabo Verde","CPV","Physicians (per 1,000 people)","SH.MED.PHYS.ZS","0.077","","","","","","","","","","0.082","","","","","","","","","","0.176","","","0.2","","","0.329","","0.342","","","","0.234","","","","0.171","","","","","","","","0.493","","","","","0.516","0.595","0.59","0.519","0.607","","0.788","","",
"Costa Rica","CRI","Physicians (per 1,000 people)","SH.MED.PHYS.ZS","0.391","","","","","0.517","","","","","0.614","","","","","","","","","0.679","","","","","0.99","","","0.968","0.881","","1.26","","","0.883","0.845","0.854","0.864","0.872","0.901","1.719","1.326","","","","","","","","","","","","","1.15","","","","",
"Caribbean small states","CSS","Physicians (per 1,000 people)","SH.MED.PHYS.ZS","","","","","","","","","","","","","","","","","","","","","","","","","","","","","","","0.614151553387514","","","","","","","","","","","","","","","","","","","","","","","0.917576739821882","","","","",
"Cuba","CUB","Physicians (per 1,000 people)","SH.MED.PHYS.ZS","0.946","","","","","0.876","","","","","0.822","","","","","","","","","","","1.388","","","1.886","","","","3","","3.656","3.998","4.365","4.727","4.981","5.211","5.489","5.693","5.749","5.854","5.937","5.948","5.997","6.065","6.202","6.269","6.34","6.418","6.603","6.628","6.766","6.943","7.235","7.366","7.519","","","",
"Curacao","CUW","Physicians (per 1,000 people)","SH.MED.PHYS.ZS","","","","","","","","","","","","","","","","","","","","","","","","","","","","","","","","","","","","","","","","","","","","","","","","","","","","","","","","","","",
"Cayman Islands","CYM","Physicians (per 1,000 people)","SH.MED.PHYS.ZS","","","","","","","","","","","","","","","","","","","","","","","","","","","","","","","1.7","","","","","1.7","","1.939","","","","","","","","","","","","","","","","","","","","",
"Cyprus","CYP","Physicians (per 1,000 people)","SH.MED.PHYS.ZS","0.682","","","","","","","","","","0.802","","","","","","","","","","0.916","0.973","","","","","1.393","1.38","","","1.564","","","","","1.879","2.55","","","2.119","","","","","","","","2.016","2.059","2.121","2.174","2.265","2.308","2.412","2.496","","","",
"Czech Republic","CZE","Physicians (per 1,000 people)","SH.MED.PHYS.ZS","","","","","","","","","","","1.8","1.9","1.9","1.9","2","2","2.1","2.1","2.1","2.2","2.3","2.3","2.4","2.5","2.5","2.6","2.6","2.6","2.7","2.7","2.7","2.7","2.7","2.9","2.9","3","3","3.1","3","3.1","3.4","3.4","3.5","3.513","","","3.58","3.61","3.625","","3.585","3.624","3.663","3.677","","","","",
"Germany","DEU","Physicians (per 1,000 people)","SH.MED.PHYS.ZS","","","","","","","","","","","","","","","","","","","","","","","","","","","","","","","","2.8","2.8","2.9","3","3.1","3.1","3.1","3.2","3.2","3.3","3.3","3.3","3.369","","","3.44","3.483","3.531","","3.775","3.87","3.944","4.039","4.125","4.191","","",
"Djibouti","DJI","Physicians (per 1,000 people)","SH.MED.PHYS.ZS","0.157","","","","","","","","","","0.284","","","","","","","","","","","0.224","","","0.238","","","","","","0.162","","","","","0.191","0.14","","","0.131","","","","","0.168","0.18","0.234","","","","0.229","","","","0.229","","","",
"Dominica","DMA","Physicians (per 1,000 people)","SH.MED.PHYS.ZS","0.133","","","","","","","","","","0.161","","","","","","","","","","","","","","0.339","","","","","","0.46","0.528","","","","0.47","0.493","0.537","","","","1.78","","","","","","","","","","","","","","","","",
"Denmark","DNK","Physicians (per 1,000 people)","SH.MED.PHYS.ZS","","","","","","","","","","","","","","","","","","","","","1.8","1.8","2","2.1","2.3","2.3","2.3","2.3","2.4","2.5","2.5","2.4","2.6","2.6","2.898","2.903","2.6","2.916","2.8","","","3.66","2.925","3.001","3.045","3.202","3.163","3.419","3.395","3.403","3.582","3.622","3.652","3.648","3.655","","","",
"Dominican Republic","DOM","Physicians (per 1,000 people)","SH.MED.PHYS.ZS","0.121","","","","","0.588","","","","","","","","","","0.435","","","","","","","","","0.564","","","","1.074","","1.49","","","1.054","","1.5","","2.156","","","1.83","","","","","","","","1.078","","","1.494","","","","","","",
"Algeria","DZA","Physicians (per 1,000 people)","SH.MED.PHYS.ZS","0.173","","","","","0.116","","","","","0.123","","","","","","","","","0.38","","","","","0.427","","","","0.429","","0.942","","","0.821","","0.846","","","1","","","","1.106","","","1.021","","1.192","","","1.207","","","","","","","",
"East Asia & Pacific (excluding high income)","EAP","Physicians (per 1,000 people)","SH.MED.PHYS.ZS","","","","","","","","","","","","","","","","","","","","","","","","","","","","","","","0.863447400163847","","","","","","","","","","0.987081503696754","","","","","","","","","","","","","1.46342820857346","","","","",
"Early-demographic dividend","EAR","Physicians (per 1,000 people)","SH.MED.PHYS.ZS","","","","","","","","","","","","","","","","","","","","","","","","","","","","","","","0.872053782545463","","","","","","","","","","0.734469672570034","","","","","","","","","","","","","0.900465395545367","","","","",
"East Asia & Pacific","EAS","Physicians (per 1,000 people)","SH.MED.PHYS.ZS","","","","","","","","","","","","","","","","","","","","","","","","","","","","","","","0.939742851218101","","","","","","","","","","1.07930280904711","","","","","","","","","","","","","1.56583174254375","","","","",
"Europe & Central Asia (excluding high income)","ECA","Physicians (per 1,000 people)","SH.MED.PHYS.ZS","","","","","","","","","","","","","","","","","","","","","","","","","","","","","","","3.33830922173709","","","","","","","","","","3.16750029318638","","","","","","","","","","","","","3.05000101703977","","","","",
"Europe & Central Asia","ECS","Physicians (per 1,000 people)","SH.MED.PHYS.ZS","","","","","","","","","","","","","","","","","","","","","","","","","","","","","","","3.0143360151999","","","","","","","","","","3.20568347129428","","","","","","","","","","","","","3.35927273073677","","","","",
"Ecuador","ECU","Physicians (per 1,000 people)","SH.MED.PHYS.ZS","0.396","","","","","0.335","","","","","0.348","","","","","0.351","","0.637","","","","","","","1.244","","","","","","0.958","1.167","1.201","1.109","1.275","1.247","1.317","1.33","1.317","1.377","1.452","1.551","1.575","1.506","","","","","","1.607","1.687","1.665","","","","","","",
"Egypt, Arab Rep.","EGY","Physicians (per 1,000 people)","SH.MED.PHYS.ZS","0.391","","","","","0.435","","","","","0.527","","","","","0.536","","","","","1.065","1.364","1.365","","","","1.304","","","","0.76","","","","1.84","","2.02","1.6","","","2.118","","","0.533","","2.401","","2.604","","2.804","2.83","","","","0.814","","","",
"Euro area","EMU","Physicians (per 1,000 people)","SH.MED.PHYS.ZS","","","","","","","","","","","","","","","","","","","","","","","","","","","","","","","3.03668895114758","","","","","","","","","","3.68826445082951","","","","","","","","","","","","","3.88745683925799","","","","",
"Eritrea","ERI","Physicians (per 1,000 people)","SH.MED.PHYS.ZS","","","","","","","","","","","","","","","","","","","","","","","","","","","","","","","","","","0.019","","","0.03","","","","","","","","0.053","","","","","","","","","","","","","",
"Spain","ESP","Physicians (per 1,000 people)","SH.MED.PHYS.ZS","","","","","","","","","","","","","","","","","","","","","","","","","","","","","","","3.795","3.902","3.962","4.031","4.089","4.09","4.152","4.206","4.271","4.33","4.393","4.376","4.446","4.489","4.51","4.541","4.56","4.603","4.67","4.731","3.756","3.838","3.835","3.824","3.819","3.872","","",
"Estonia","EST","Physicians (per 1,000 people)","SH.MED.PHYS.ZS","","","","","","","","","","","","","","","","","","","","","2.938","","","","","3.35","3.408","3.484","3.485","3.49","3.504","3.536","3.264","3.207","3.2","3.191","3.148","3.114","3.11","3.206","4.373","3.16","","","","","3.33","","3.409","","3.242","3.292","3.28","3.277","3.316","3.43","","",
"Ethiopia","ETH","Physicians (per 1,000 people)","SH.MED.PHYS.ZS","0.009","","","","","0.014","","","","","0.012","","","","","0.012","","","","","0.011","0.011","","","0.013","","","","0.031","","","","","","0.029","","0.025","0.023","0.021","0.02","0.021","0.028","0.029","0.027","0.027","0.032","0.027","0.022","0.025","0.025","0.022","","","","","","","",
"European Union","EUU","Physicians (per 1,000 people)","SH.MED.PHYS.ZS","","","","","","","","","","","","","","","","","","","","","","","","","","","","","","","2.66202752074777","","","","","","","","","","3.17213698219732","","","","","","","","","","","","","3.56340246104826","","","","",
"Fragile and conflict affected situations","FCS","Physicians (per 1,000 people)","SH.MED.PHYS.ZS","","","","","","","","","","","","","","","","","","","","","","","","","","","","","","","0.195056499404376","","","","","","","","","","0.347269593449831","","","","","","","","","","","","","0.375649809931123","","","","",
"Finland","FIN","Physicians (per 1,000 people)","SH.MED.PHYS.ZS","","","","","","","","","","","","","","","","","","","","","","","","","","","","","","","2","2","2.1","2.1","2.2","2.2","2.3","2.4","2.4","2.5","2.6","2.6","3.162","2.6","","","3.3","3.319","2.735","2.881","2.986","2.982","3.063","3.139","3.196","","","",
"Fiji","FJI","Physicians (per 1,000 people)","SH.MED.PHYS.ZS","0.495","","","","","","","","","","0.471","","","","","0.476","","","","","0.448","","0.494","","","","","","","0.358","","","0.472","","0.376","","","0.476","0.357","0.336","","","","0.465","","","","","0.4","0.437","0.426","","","","","0.837","","",
"France","FRA","Physicians (per 1,000 people)","SH.MED.PHYS.ZS","","","","","","","","","","","1.2","1.3","1.3","1.4","1.4","1.5","1.5","1.6","1.7","1.8","1.9","2","2.1","2.1","2.5","2.7","2.8","2.8","2.9","3","3.1","3.067","","","","","3.225","","","","","","","","","","","3.674","","","","3.16","3.175","3.187","3.215","3.227","3.238","",
"Faroe Islands","FRO","Physicians (per 1,000 people)","SH.MED.PHYS.ZS","","","","","","","","","","","","","","","","","","","","","","","","","","","","","","","","","","","","","","","","","","","","","","","","","","","","","","","","","","",
"Micronesia, Fed. Sts.","FSM","Physicians (per 1,000 people)","SH.MED.PHYS.ZS","","","","","","","","","","","","","","","","","","","","","","","","","","","","","","","","","","0.451","","","","","","0.573","0.596","","","0.562","","0.584","","","0.613","0.192","0.177","","","","","","","",
"Gabon","GAB","Physicians (per 1,000 people)","SH.MED.PHYS.ZS","0.117","","","","","","","","","","0.191","","","","","","","","","","","0.457","","0.433","","0.518","","","0.246","0.494","","0.193","","0.218","0.262","0.295","","","","","","","","","0.293","","","","","","","","","","","","0.406","",
"United Kingdom","GBR","Physicians (per 1,000 people)","SH.MED.PHYS.ZS","0.8","0.9","0.9","0.9","0.9","0.9","0.9","0.9","0.9","0.9","0.9","1","1","1.1","1.1","1.1","1.2","1.2","1.2","1.3","1.3","1.3","1.3","1.4","1.4","1.4","1.4","1.5","1.5","1.5","1.6","1.6","1.6","1.7","1.7","1.7","1.8","2.294","1.9","1.9","1.9","2","2.3","2.2","","","","","","","2.697","2.745","2.757","2.778","2.806","2.807","2.825","",
"Georgia","GEO","Physicians (per 1,000 people)","SH.MED.PHYS.ZS","","","","","","","","","","","3.2","3.3","3.32","3.4","3.475","3.63","3.72","3.81","3.95","4","4.123","4.212","4.319","4.333","4.471","4.611","4.699","4.808","4.868","4.971","4.926","4.898","4.726","5.003","4.899","4.792","4.457","5.192","5.042","3.768","4.731","4.295","3.907","4.089","","","4.65","4.538","4.663","4.794","4.289","4.377","4.406","4.477","4.776","","","",
"Ghana","GHA","Physicians (per 1,000 people)","SH.MED.PHYS.ZS","0.047","","","","","0.073","","","","","0.078","","","","","0.078","","","","","","","","","0.067","","","0.049","","0.043","","","","","","","0.062","","","","","","0.09","","0.155","","","0.074","0.112","0.086","0.096","","","","","","","",
"Gibraltar","GIB","Physicians (per 1,000 people)","SH.MED.PHYS.ZS","","","","","","","","","","","","","","","","","","","","","","","","","","","","","","","","","","","","","","","","","","","","","","","","","","","","","","","","","","",
"Guinea","GIN","Physicians (per 1,000 people)","SH.MED.PHYS.ZS","0.036","","","","","0.022","","","","","0.02","","","","","","","","","","","0.022","0.022","","","0.026","","","","","0.134","","","","0.152","0.13","","","","","0.087","","","","0.104","0.097","","","","","0.1","","","","","","0.075","",
"Gambia, The","GMB","Physicians (per 1,000 people)","SH.MED.PHYS.ZS","0.043","","","","","","","","","","0.041","","","","","0.04","","","","","","","","","","0.081","","","","","","","","0.016","","","","0.035","","","","","","0.116","0.119","0.115","0.118","0.103","0.11","","0.038","","","","","0.107","","",
"Guinea-Bissau","GNB","Physicians (per 1,000 people)","SH.MED.PHYS.ZS","0.045","","","","","","","","","","0.052","","","","","","","","","","0.141","","","","","0.144","","","","","","","","","0.177","","0.166","","","","","","","","0.131","","","","0.05","0.078","0.045","","","","","","","",
"Equatorial Guinea","GNQ","Physicians (per 1,000 people)","SH.MED.PHYS.ZS","0.167","","","","","","","","","","0.086","","","","","","","","","","","","","","","","","","","","0.281","","","","","0.208","0.246","","","","","","","","0.252","","","","","","","","","","","","","",
"Greece","GRC","Physicians (per 1,000 people)","SH.MED.PHYS.ZS","1.3","1.2","1.3","1.3","1.4","1.4","1.4","1.5","1.5","1.6","1.6","1.7","1.7","1.9","2","2","2.1","2.2","2.3","2.3","2.4","2.5","2.6","2.8","2.9","2.9","3.1","3.3","3.2","3.3","3.4","3.6","3.7","3.8","3.8","3.9","3.9","4","4.1","4.2","4.3","4.38","","","","5","5.35","","6.043","","6.197","6.226","6.23","6.231","6.255","","","",
"Grenada","GRD","Physicians (per 1,000 people)","SH.MED.PHYS.ZS","0.222","","","","","","","","","","0.346","","","","","","","","","","","","","","0.49","","","","0.553","","0.5","","","0.578","","0.65","","0.405","","0.582","0.571","0.569","0.568","0.567","","","0.668","","","","","","","","","","","",
"Greenland","GRL","Physicians (per 1,000 people)","SH.MED.PHYS.ZS","1.169","","","","","","","","","","0.905","","","","","","","","","","1.135","","","","","","","","","","","","","","","","","","","","","","","","","","","","","","","","","","","","","",
"Guatemala","GTM","Physicians (per 1,000 people)","SH.MED.PHYS.ZS","0.184","","","","","0.271","","","","","0.274","","","","","","","","","","","","","","0.47","","","","0.26","","0.78","","","0.25","","1.1","","0.933","","0.873","","","","","","","","","","0.897","","","","","","","","",
"Guam","GUM","Physicians (per 1,000 people)","SH.MED.PHYS.ZS","","","","","","","","","","","","","","","","","","","","","","","","","","","1.187","","","","","","","","","","","","","1.084","","","","","","","","","","","","","","","","","","",
"Guyana","GUY","Physicians (per 1,000 people)","SH.MED.PHYS.ZS","0.255","","","","","","","","","","0.235","","","","","0.249","","","","","","","","","0.165","0.168","","","","","0.17","","","0.112","","0.33","","0.181","","","0.493","","","","","","","","","0.214","0.214","","","","","","","",
"High income","HIC","Physicians (per 1,000 people)","SH.MED.PHYS.ZS","","","","","","","","","","","","","","","","","","","","","","","","","","","","","","","2.13591797612238","","","","","","","","","","2.64889583556554","","","","","","","","","","","","","3.00789807331879","","","","",
"Hong Kong SAR, China","HKG","Physicians (per 1,000 people)","SH.MED.PHYS.ZS","0.327","","","","","0.396","","","","","0.663","","","","","0.672","","","","","0.826","","","","","","0.932","","","","","","","1.204","1.271","1.319","","","","","","","","","","","","","","","","","","","","","","",
"Honduras","HND","Physicians (per 1,000 people)","SH.MED.PHYS.ZS","0.081","","","","","0.19","","","","","0.269","","","","","0.269","","","","0.331","","0.332","","","0.691","","","","0.829","","0.7","0.411","","","","0.65","","0.832","","","0.589","","","","","0.39","","","","","","","","","","","","",
"Heavily indebted poor countries (HIPC)","HPC","Physicians (per 1,000 people)","SH.MED.PHYS.ZS","","","","","","","","","","","","","","","","","","","","","","","","","","","","","","","0.0873818042616126","","","","","","","","","","0.113953949825394","","","","","","","","","","","","","0.10246694831485","","","","",
"Croatia","HRV","Physicians (per 1,000 people)","SH.MED.PHYS.ZS","","","","","","","","","","","","","","","","","","","","","1.673","1.738","1.808","1.858","1.88","1.944","2.016","2.066","2.093","2.134","2.125","1.954","1.996","1.976","1.962","1.969","2.06","2.055","1.915","1.806","2.383","2.374","2.4","2.444","2.4","2.5","2.47","2.59","2.661","","2.851","2.903","2.979","3.021","3.126","","","",
"Haiti","HTI","Physicians (per 1,000 people)","SH.MED.PHYS.ZS","0.105","","","","","0.07","","","","","0.08","","","","","0.081","","","","","","0.11","","","0.141","0.137","","","0.143","","0.08","","0.084","0.092","","0.16","","","0.236","","","","","","","","","","","","","","","","","","","",
"Hungary","HUN","Physicians (per 1,000 people)","SH.MED.PHYS.ZS","1.5","1.6","1.7","1.7","1.8","1.9","1.9","2","1.9","2","2","2.1","2.1","2.2","2.2","2.2","2.3","2.3","2.4","2.5","2.3","2.3","2.4","2.4","2.5","2.5","2.6","2.7","2.7","2.7","3.166","3.265","3.333","3.29","3.342","3.346","3.389","3.441","3.515","3.549","","","3.668","3.771","3.843","3.225","3.5","3.2","3.591","3.507","2.864","2.953","3.077","3.199","3.316","3.093","","",
"IBRD only","IBD","Physicians (per 1,000 people)","SH.MED.PHYS.ZS","","","","","","","","","","","","","","","","","","","","","","","","","","","","","","","1.24067690661013","","","","","","","","","","1.16779702269271","","","","","","","","","","","","","1.42966173067601","","","","",
"IDA & IBRD total","IBT","Physicians (per 1,000 people)","SH.MED.PHYS.ZS","","","","","","","","","","","","","","","","","","","","","","","","","","","","","","","1.07324607756495","","","","","","","","","","1.0158028716722","","","","","","","","","","","","","1.1858567777851","","","","",
"IDA total","IDA","Physicians (per 1,000 people)","SH.MED.PHYS.ZS","","","","","","","","","","","","","","","","","","","","","","","","","","","","","","","0.3193567728335","","","","","","","","","","0.379504131796841","","","","","","","","","","","","","0.425345441718156","","","","",
"IDA blend","IDB","Physicians (per 1,000 people)","SH.MED.PHYS.ZS","","","","","","","","","","","","","","","","","","","","","","","","","","","","","","","0.569684355469717","","","","","","","","","","0.648100901250351","","","","","","","","","","","","","0.72831742876095","","","","",
"Indonesia","IDN","Physicians (per 1,000 people)","SH.MED.PHYS.ZS","0.021","","","","","0.032","","","","","0.037","","","","","0.037","","","","0.085","","0.08","","0.106","","","","","","0.142","0.144","0.148","","0.058","0.16","","","","","","0.162","","","0.134","","","0.13","0.288","","0.145","0.14","","0.201","","","","","",
"IDA only","IDX","Physicians (per 1,000 people)","SH.MED.PHYS.ZS","","","","","","","","","","","","","","","","","","","","","","","","","","","","","","","0.174330737753775","","","","","","","","","","0.22209375122127","","","","","","","","","","","","","0.26797042679779","","","","",
"Isle of Man","IMN","Physicians (per 1,000 people)","SH.MED.PHYS.ZS","0.248","","","","","0.26","","","","","0.308","","","","","","","","","","","0.684","","","","","0.787","","","","0.577","","","","","","","","","","","","","","","","","","","","1.449","","","","","","","",
"India","IND","Physicians (per 1,000 people)","SH.MED.PHYS.ZS","0.21","","","","","0.205","","","","","0.205","","","","","0.204","","","","","0.371","0.27","","","0.396","","","","0.407","","","1.225","0.48","0.407","","","","","0.513","","0.527","0.538","0.557","0.564","0.573","0.577","0.587","0.6","0.615","0.624","0.663","0.739","0.699","","0.725","","0.758","",
"Not classified","INX","Physicians (per 1,000 people)","SH.MED.PHYS.ZS","","","","","","","","","","","","","","","","","","","","","","","","","","","","","","","","","","","","","","","","","","","","","","","","","","","","","","","","","","",
"Ireland","IRL","Physicians (per 1,000 people)","SH.MED.PHYS.ZS","","","","","","","","","","","","","","","","","","","","","","","","","","","","","","","","","2","2","2","2.1","2.1","2.1","2.2","2.3","2.2","2.4","2.4","2.6","2.786","","2.94","3.08","3.187","","","2.625","2.667","2.647","2.777","2.868","2.961","",
"Iran, Islamic Rep.","IRN","Physicians (per 1,000 people)","SH.MED.PHYS.ZS","0.244","","","","","0.257","","","","","0.306","","","","","","","","","","","0.338","","","","","0.347","0.376","0.318","","","","","0.318","","","0.85","","1.049","","","","","","0.877","0.882","","","","","0.89","","","","1.491","","","",
"Iraq","IRQ","Physicians (per 1,000 people)","SH.MED.PHYS.ZS","0.195","","","","","0.2","","","","","0.309","","","","","","","","","","0.563","0.568","","","","","0.596","0.576","","","0.603","","","0.603","","","","","0.55","","","0.543","","","0.658","0.66","","0.528","","","0.639","","","","0.854","","","",
"Iceland","ISL","Physicians (per 1,000 people)","SH.MED.PHYS.ZS","1.2","1.2","1.2","1.2","1.2","1.2","1.2","1.2","1.3","1.3","1.4","1.5","1.6","1.6","1.7","1.8","1.9","1.9","2","2","2.1","2.2","2.3","2.3","2.4","2.6","2.6","2.7","2.7","2.8","2.8","2.8","3","3","3","3","3.1","3.3","3.3","3.4","3.442","3.485","3.587","3.613","3.603","3.606","3.633","3.69","3.735","3.713","3.591","3.483","3.531","3.59","3.645","3.791","","",
"Israel","ISR","Physicians (per 1,000 people)","SH.MED.PHYS.ZS","2.472","","","","","2.5","","","","","2.881","2.974","3.156","3.304","","","","","","2.694","3.094","3.167","3.214","3.323","3.353","3.215","3.2","3.207","3.21","3.195","3.207","3.303","3.657","3.696","3.731","4.857","3.766","3.793","3.775","3.915","3.766","3.91","","3.82","","","3.67","3.633","","","3.414","3.345","3.344","3.539","3.619","3.576","","",
"Italy","ITA","Physicians (per 1,000 people)","SH.MED.PHYS.ZS","","","","","","","","","","","","","","","","","","","","","","","","","","","","","","","","","","3.8","3.7","3.9","4.1","4","4.1","4.2","4.2","4.4","4.4","4.1","4.203","","3.7","","4.242","3.802","","","3.861","3.93","3.945","3.898","4.021","",
"Jamaica","JAM","Physicians (per 1,000 people)","SH.MED.PHYS.ZS","0.386","","","","","0.502","","","","","0.38","","","","","","","","","0.361","","0.359","","","0.489","","","","","","0.57","","","0.472","","0.57","1.401","1.401","","","","","","0.85","","","","","0.406","","","","0.364","0.482","0.392","0.429","0.472","",
"Jordan","JOR","Physicians (per 1,000 people)","SH.MED.PHYS.ZS","0.346","","","","","0.37","","","","","0.404","","","","","0.378","","","","","0.786","1.114","1.128","","1.159","","","","","","","1.348","","","1.625","","","1.66","1.058","2.065","2.008","2.191","2.372","2.454","2.204","2.421","2.482","2.653","2.425","2.342","2.487","","","2.591","2.65","3.426","","",
"Japan","JPN","Physicians (per 1,000 people)","SH.MED.PHYS.ZS","1","1","1","1","1","1","1","1","1","1.1","1.1","1.1","1.1","1.1","1.1","1.1","1.1","1.2","1.2","1.2","1.3","1.3","1.4","","1.4","1.5","1.5","","1.6","","1.733","","1.784","","1.858","","1.93","","1.985","","2.035","","2.081","","2.133","","2.186","","2.252","","2.227","","2.297","","2.367","","","",
"Kazakhstan","KAZ","Physicians (per 1,000 people)","SH.MED.PHYS.ZS","","","","","","","","","","","","","","","","","","","","","3.036","3.154","3.253","3.396","3.531","3.629","3.724","3.791","3.872","3.962","3.976","3.839","3.908","3.766","3.604","3.635","3.639","3.301","3.528","3.201","3.292","3.302","3.612","3.539","3.6","3.7","3.88","3.877","3.7","3.687","3.506","3.548","3.489","3.501","3.274","","","",
"Kenya","KEN","Physicians (per 1,000 people)","SH.MED.PHYS.ZS","0.092","","","","","0.075","","","","","0.125","","","","","0.127","","","","","","0.099","0.12","","","0.154","","","","","0.045","","","0.138","","0.132","","","","","","","0.138","","","","","","0.173","0.176","0.177","0.182","0.19","0.199","0.204","","","",
"Kyrgyz Republic","KGZ","Physicians (per 1,000 people)","SH.MED.PHYS.ZS","","","","","","","","","","","","","","","","","","","","","2.602","3.088","2.769","3.061","2.928","3.039","3.147","3.25","3.323","3.369","3.374","3.412","3.349","3.118","3.096","3.208","3.293","3.058","3.01","2.875","2.823","2.679","2.6","2.6","2.5","","2.39","2.301","2.464","2.441","1.881","1.911","1.894","1.886","1.854","","","",
"Cambodia","KHM","Physicians (per 1,000 people)","SH.MED.PHYS.ZS","0.028","","","","","0.045","","","","","0.062","","","","","","","","","","","","","0.058","","","","","","","","","0.107","0.104","0.105","","0.113","","0.147","0.296","0.168","","","","","","","","0.244","0.237","0.229","0.226","0.165","0.168","0.143","","","",
"Kiribati","KIR","Physicians (per 1,000 people)","SH.MED.PHYS.ZS","0.541","","","","","","","","","","0.613","","","","","","","","","","0.516","","","","","","0.497","","","","0.193","0.176","0.186","0.13","","","","","","","","","","","","","","","0.254","0.327","0.376","","","0.203","","","","",
"St. Kitts and Nevis","KNA","Physicians (per 1,000 people)","SH.MED.PHYS.ZS","0.235","","","","","","","","","","0.312","","","","","","","","","","0.36","","","","0.458","","","","","","0.686","0.683","0.75","0.765","0.921","1.073","1.106","1.094","1.036","1.024","1.095","1.06","","","","","","","","","","","","","","","","",
"Korea, Rep.","KOR","Physicians (per 1,000 people)","SH.MED.PHYS.ZS","","","","","","","","","","","","","","","","","","","","","","0.5","0.5","0.5","0.6","0.6","0.6","0.7","0.7","0.8","0.8","0.9","1","1","1.1","1.1","1.2","1.2","1.3","1.3","1.3","1.4","1.5","1.573","1.733","1.793","1.842","1.898","1.96","2.017","2.002","2.054","2.099","2.185","2.231","2.273","2.326","",
"Kuwait","KWT","Physicians (per 1,000 people)","SH.MED.PHYS.ZS","0.871","","","","","1.263","","","","","0.954","","","","","","","","","","1.698","1.412","1.62","","","","1.566","","","","0.183","","","","","1.783","","1.89","","","","","","1.9","1.5","1.8","1.445","1.856","1.846","1.853","2.376","2.402","2.415","2.486","2.608","2.608","","",
"Latin America & Caribbean (excluding high income)","LAC","Physicians (per 1,000 people)","SH.MED.PHYS.ZS","","","","","","","","","","","","","","","","","","","","","","","","","","","","","","","1.09191931856071","","","","","","","","","","1.47561966767316","","","","","","","","","","","","","1.91545190769887","","","","",
"Lao PDR","LAO","Physicians (per 1,000 people)","SH.MED.PHYS.ZS","0.02","","","","","0.041","","","","","0.066","","","","","","0.051","","","","","","","","","0.729","","","","","0.234","","","","","0.341","0.586","","","","0.284","","","","0.353","0.281","","","","0.197","0.272","","0.179","0.447","0.491","","","",
"Lebanon","LBN","Physicians (per 1,000 people)","SH.MED.PHYS.ZS","0.778","","","","","0.938","","","","","0.726","","","","","","","","","1.693","","1.714","","1.255","","","","","","1.862","","1.326","","1.862","","","","2.1","","","","3.424","","","","","2.899","2.738","","","2.671","2.968","","","2.38","","","",
"Liberia","LBR","Physicians (per 1,000 people)","SH.MED.PHYS.ZS","0.077","","","","","0.08","","","","","0.079","","","","","0.08","","","","","","0.106","","0.107","","","","","","","","","","","","","","0.023","","","","","","","0.032","","","","0.014","","0.023","","","","","","","",
"Libya","LBY","Physicians (per 1,000 people)","SH.MED.PHYS.ZS","0.152","","","","","0.259","","","","","0.368","","","","","","","","","","1.333","1.633","1.562","1.44","","","","","","","1.071","","","1.441","","","","1.259","","","","","","","1.24","","","","1.823","1.934","1.9","","","","2.092","","","",
"St. Lucia","LCA","Physicians (per 1,000 people)","SH.MED.PHYS.ZS","0.139","","","","","","","","","","0.187","","","","","","","","","","","","","","0.285","","","","","","0.35","0.393","","0.544","","0.56","","0.473","","","","0.819","0.437","0.464","0.416","0.502","","0.182","0.156","0.103","","","","","","","","",
"Latin America & Caribbean","LCN","Physicians (per 1,000 people)","SH.MED.PHYS.ZS","","","","","","","","","","","","","","","","","","","","","","","","","","","","","","","1.22751122113351","","","","","","","","","","1.59847249285652","","","","","","","","","","","","","2.0473525825862","","","","",
"Least developed countries: UN classification","LDC","Physicians (per 1,000 people)","SH.MED.PHYS.ZS","","","","","","","","","","","","","","","","","","","","","","","","","","","","","","","0.0877605630362399","","","","","","","","","","0.139264146389596","","","","","","","","","","","","","0.213478341060806","","","","",
"Low income","LIC","Physicians (per 1,000 people)","SH.MED.PHYS.ZS","","","","","","","","","","","","","","","","","","","","","","","","","","","","","","","0.134620834918423","","","","","","","","","","0.165892018874725","","","","","","","","","","","","","0.31108685815707","","","","",
"Liechtenstein","LIE","Physicians (per 1,000 people)","SH.MED.PHYS.ZS","","","","","","","","","","","","","","","","","","","","","","","","","","","","","","","","","","","","","","","","","","","","","","","","","","","","","","","","","","",
"Sri Lanka","LKA","Physicians (per 1,000 people)","SH.MED.PHYS.ZS","0.223","","","","","0.172","","","","","0.169","","","","","0.169","","","","","0.139","0.134","0.134","","","0.181","0.138","","","0.146","","0.139","0.165","0.207","0.185","0.222","0.278","0.305","0.346","0.375","0.424","0.443","","","0.541","0.522","0.523","0.556","0.626","0.684","0.726","","","","","0.881","","",
"Lower middle income","LMC","Physicians (per 1,000 people)","SH.MED.PHYS.ZS","","","","","","","","","","","","","","","","","","","","","","","","","","","","","","","0.885584752480395","","","","","","","","","","0.604805278633214","","","","","","","","","","","","","0.702750112652298","","","","",
"Low & middle income","LMY","Physicians (per 1,000 people)","SH.MED.PHYS.ZS","","","","","","","","","","","","","","","","","","","","","","","","","","","","","","","1.05455742455004","","","","","","","","","","0.997302720637339","","","","","","","","","","","","","1.17821636959376","","","","",
"Lesotho","LSO","Physicians (per 1,000 people)","SH.MED.PHYS.ZS","0.042","","","","","0.048","","","","","0.032","","","","","0.032","","","","","","","","","","0.071","","","","","0.043","","","0.05","","0.054","","","","","","","","0.047","","","","","","","","","","","","","","",
"Late-demographic dividend","LTE","Physicians (per 1,000 people)","SH.MED.PHYS.ZS","","","","","","","","","","","","","","","","","","","","","","","","","","","","","","","1.37691051701349","","","","","","","","","","1.46100222420069","","","","","","","","","","","","","1.91053212840497","","","","",
"Lithuania","LTU","Physicians (per 1,000 people)","SH.MED.PHYS.ZS","","","","","","","","","","","","","","","","","","","","","","","","","","3.72","3.816","3.885","3.941","3.977","4.027","3.905","3.928","3.978","4.091","4.062","4.098","4.129","4.125","4.147","4.01","4.027","","","","","3.95","4.034","3.664","","3.915","4.041","4.178","4.268","4.33","4.379","","",
"Luxembourg","LUX","Physicians (per 1,000 people)","SH.MED.PHYS.ZS","1","1","1","1","1","1","1","1","1.1","1.1","1.1","1.2","1.2","1.2","1.2","1.3","1.3","1.3","1.5","1.6","1.7","1.5","1.7","1.7","1.7","1.8","1.9","1.8","1.9","2","2","2","2.1","2.1","2.2","2.2","2.3","2.4","2.4","2.5","2.5","2.5","2.6","2.7","2.73","2.852","","2.862","","","2.764","2.748","2.776","2.799","2.855","2.92","2.921","",
"Latvia","LVA","Physicians (per 1,000 people)","SH.MED.PHYS.ZS","","","","","","","","","","","","","","","","","","","","","3.623","","","","","4.099","4.077","4.112","4.183","4.162","4.694","4.614","4.098","3.64","3.438","3.376","3.509","3.448","3.298","3.358","3.43","3.302","3.419","3.447","3.583","3.684","3.793","3.691","3.935","3.761","3.117","3.128","3.14","3.193","3.223","3.209","","",
"Macao SAR, China","MAC","Physicians (per 1,000 people)","SH.MED.PHYS.ZS","0.41","","","","","","","","","","0.634","","","","","","","","","","1.067","1.122","","","","","2.428","1.562","","","","","","","","","","","","","","","","","","","","","","","","","","","","","","",
"St. Martin (French part)","MAF","Physicians (per 1,000 people)","SH.MED.PHYS.ZS","","","","","","","","","","","","","","","","","","","","","","","","","","","","","","","","","","","","","","","","","","","","","","","","","","","","","","","","","","",
"Morocco","MAR","Physicians (per 1,000 people)","SH.MED.PHYS.ZS","0.106","","","","","0.082","","","","","0.076","","","","","0.076","","","","","","0.054","0.064","","","","","0.217","0.214","","","","","0.214","0.363","","","0.46","","","","0.483","","","0.531","","","0.589","","0.652","0.62","","","","0.618","","","",
"Monaco","MCO","Physicians (per 1,000 people)","SH.MED.PHYS.ZS","","","","","","","","","","","2.4","1.958","2.208","2.25","2.375","2.36","2.417","2.4","2.32","2.36","2.385","2.231","2.185","","","","","","","2.857","","","3","","","5.81","","","","","","","","","","","","","","","","6.722","6.791","6.661","6.645","","","",
"Moldova","MDA","Physicians (per 1,000 people)","SH.MED.PHYS.ZS","","","","","","","","","","","","","","","","","","","","","2.816","2.895","3.007","3.089","3.193","3.297","3.37","3.444","3.52","3.573","3.55","3.484","3.51","3.555","3.564","3.513","3.562","3.582","3.631","3.245","3.18","2.694","","2.636","","","2.66","2.668","","","2.439","2.467","2.469","2.561","2.537","3.198","","",
"Madagascar","MDG","Physicians (per 1,000 people)","SH.MED.PHYS.ZS","0.115","","","","","0.093","","","","","0.097","","","","","0.096","","","","","","0.099","","","","0.101","","","","","0.12","","","","","0.272","0.107","","","","","0.087","0.136","0.148","0.157","0.181","0.171","0.182","0.187","0.182","0.196","0.144","0.143","","","","","",
"Maldives","MDV","Physicians (per 1,000 people)","SH.MED.PHYS.ZS","","","","","","","","","","","0.033","","","","","","","","","","","0.049","0.065","","","","","","","0.072","0.07","0.192","","0.285","","0.4","0.666","","","","0.777","","","","1.007","","","1.749","","1.61","1.579","","","","2.154","3.611","","",
"Middle East & North Africa","MEA","Physicians (per 1,000 people)","SH.MED.PHYS.ZS","","","","","","","","","","","","","","","","","","","","","","","","","","","","","","","0.683093345524138","","","","","","","","","","1.24817273918558","","","","","","","","","","","","","1.31008052708948","","","","",
"Mexico","MEX","Physicians (per 1,000 people)","SH.MED.PHYS.ZS","","","","","","","","","","","","","","","","","","","","","","","","","","","","","","","1","1.1","1.3","1.4","1.5","1.6","1.6","1.4","1.2","1.7","1.905","1.5","1.5","1.5","2.893","1.749","1.864","1.888","1.925","1.959","1.922","2.019","2.029","2.071","2.118","2.231","","",
"Marshall Islands","MHL","Physicians (per 1,000 people)","SH.MED.PHYS.ZS","","","","","","","","","","","","","","","","","","","","","","","","","","","","","","","","","","","","","0.422","","","","0.471","","","","","","","0.595","0.456","","0.438","","0.456","","","","","",
"Middle income","MIC","Physicians (per 1,000 people)","SH.MED.PHYS.ZS","","","","","","","","","","","","","","","","","","","","","","","","","","","","","","","1.12170006987933","","","","","","","","","","1.06228105841348","","","","","","","","","","","","","1.28331320224265","","","","",
"Macedonia, FYR","MKD","Physicians (per 1,000 people)","SH.MED.PHYS.ZS","","","","","","","","","","","0.89","0.919","0.953","1.012","1.025","1.121","1.114","1.158","1.238","1.311","1.344","1.466","1.495","1.679","1.671","1.809","1.901","1.952","2.033","2.14","2.168","2.342","2.371","2.343","2.315","2.297","2.251","2.249","2.246","2.211","2.201","2.191","","","","","2.546","","2.627","2.605","2.687","2.734","2.781","2.8","","2.875","","",
"Mali","MLI","Physicians (per 1,000 people)","SH.MED.PHYS.ZS","0.014","","","","","0.019","","","","","0.023","","","","","0.023","","","","","0.039","0.038","","","","0.039","","0.043","0.054","","0.051","","","","0.047","0.043","0.063","","","","0.044","","","","0.084","","","0.077","0.049","0.076","0.085","","","","","","","",
"Malta","MLT","Physicians (per 1,000 people)","SH.MED.PHYS.ZS","0.891","","","","","","","","","","1.072","1.026","","","","1.276","","","","","","1.172","1.266","","1.38","","","2.032","2.015","1.973","2.259","2.446","2.422","2.453","","","","2.465","2.607","2.591","2.654","2.926","","3.183","","","3.88","3.351","","3.073","3.104","3.185","3.323","3.518","3.749","3.908","","",
"Myanmar","MMR","Physicians (per 1,000 people)","SH.MED.PHYS.ZS","0.065","","","","","0.085","","","","","0.114","","","","","","","","","","","0.203","","","","0.27","","","","0.081","0.078","","","","","0.293","","","","0.297","0.302","","","","0.359","0.372","0.407","0.43","0.465","0.478","0.511","0.539","0.568","","","","","",
"Middle East & North Africa (excluding high income)","MNA","Physicians (per 1,000 people)","SH.MED.PHYS.ZS","","","","","","","","","","","","","","","","","","","","","","","","","","","","","","","0.575011230995135","","","","","","","","","","1.22044560464595","","","","","","","","","","","","","1.11849270915118","","","","",
"Montenegro","MNE","Physicians (per 1,000 people)","SH.MED.PHYS.ZS","","","","","","","","","","","","","","","","","","","","","","","","","","","","","","","","","","","","","","","","","","","","","","","2.03","1.986","","2.087","2.039","2.008","2.031","2.142","2.188","2.343","","",
"Mongolia","MNG","Physicians (per 1,000 people)","SH.MED.PHYS.ZS","0.91","","","","","1.378","","","","","1.729","","","","","","","","","","","","","","","","","","","","2.538","2.695","2.618","","","","","","2.433","2.54","","","2.755","","","","","","2.884","2.675","2.764","2.879","3.061","3.117","3.196","3.262","","",
"Northern Mariana Islands","MNP","Physicians (per 1,000 people)","SH.MED.PHYS.ZS","","","","","","","","","","","","","","","","","","","","","","","","","","","","","","","","","","","","","","","","0.445","","","","","","","","","","","","","","","","","","",
"Mozambique","MOZ","Physicians (per 1,000 people)","SH.MED.PHYS.ZS","0.043","","","","","0.056","","","","","0.053","","","","","","","","","","0.025","0.027","0.026","","","0.021","","","","0.028","0.012","","","","","","","","","","0.024","","","","0.025","","0.025","","0.026","0.044","0.047","0.051","0.053","0.055","","","","",
"Mauritania","MRT","Physicians (per 1,000 people)","SH.MED.PHYS.ZS","0.024","","","","","0.027","","","","","0.056","","","","","0.055","","0.069","","","","","","","0.083","0.113","","","","","0.063","","","0.063","","0.138","","","","","","","","","0.102","","","","","0.127","0.13","","","0.068","","","","",
"Mauritius","MUS","Physicians (per 1,000 people)","SH.MED.PHYS.ZS","0.215","","","","","0.255","","","","","0.24","","","","","0.235","","","","","0.521","0.552","","","","0.529","","","","0.858","0.811","0.835","0.847","0.844","0.845","0.85","","","","","","","","","1.072","","","1.156","1.171","1.187","1.202","1.246","1.368","1.619","1.915","2.003","","",
"Malawi","MWI","Physicians (per 1,000 people)","SH.MED.PHYS.ZS","0.027","","","","","0.021","","","","","0.013","","","","","","","","","","","0.019","","","0.087","","","","","0.023","0.022","","","0.028","","","","","","","","","","0.011","0.021","","","","0.018","0.018","0.019","","","","","","","",
"Malaysia","MYS","Physicians (per 1,000 people)","SH.MED.PHYS.ZS","0.143","","","","","0.161","","","","","0.232","","","","","0.234","","","","","0.255","0.255","","","","0.315","0.335","0.348","0.367","0.374","0.392","0.393","0.411","0.431","0.449","0.478","0.496","0.658","","0.683","0.689","","0.697","","","","","","0.923","","1.173","1.281","","","","1.533","","",
"North America","NAC","Physicians (per 1,000 people)","SH.MED.PHYS.ZS","","","","","","","","","","","","","","","","","","","","","","","","","","","","","","","1.83005363824465","","","","","","","","","","2.51476100806095","","","","","","","","","","","","","2.56509887078167","","","","",
"Namibia","NAM","Physicians (per 1,000 people)","SH.MED.PHYS.ZS","","","","","","","","","","","","","","","","","","","","","","","","","","","","","","","","0.231","0.232","","","","","0.295","","","","","","","0.299","","","0.372","","","0.374","","","","","","","",
"New Caledonia","NCL","Physicians (per 1,000 people)","SH.MED.PHYS.ZS","","","","","","","","","","","","","","","","","","","","","","","","0.653","","","","","","","","","","","","","","","","1.982","","","","","","","","","","","","","","","","","","",
"Niger","NER","Physicians (per 1,000 people)","SH.MED.PHYS.ZS","0.011","","","","","0.016","","","","","0.017","","","","","0.016","","","","","","","","","0.025","","","","","","0.018","","0.027","","0.023","","0.024","0.035","0.033","","","","0.033","","0.023","","","","0.019","","0.019","","","","","","","",
"Nigeria","NGA","Physicians (per 1,000 people)","SH.MED.PHYS.ZS","0.017","","","","","0.043","","","","","0.05","","","","","0.049","","","","","0.113","","0.149","","","0.192","0.187","","","0.192","","","0.185","0.192","","","","","","","0.269","","","0.263","","0.281","0.346","0.376","0.374","0.376","0.395","","","","","","","",
"Nicaragua","NIC","Physicians (per 1,000 people)","SH.MED.PHYS.ZS","0.34","","","","","0.378","","","","","0.453","","","","","0.46","","","","","0.416","0.426","","","0.637","","","","0.471","","0.657","","","","","0.82","","0.856","","","","","","0.39","","0.505","0.498","0.533","0.657","0.713","0.739","0.827","0.876","0.916","0.914","","","",
"Netherlands","NLD","Physicians (per 1,000 people)","SH.MED.PHYS.ZS","1.1","1.1","1.1","1.1","1.1","1.2","1.2","1.2","1.2","1.2","1.2","1.3","1.4","1.4","1.5","1.6","1.7","1.7","1.8","1.8","1.9","2","2","2.1","2.2","2.2","2.3","2.4","2.4","2.4","2.5","2.6","","","","","","","2.9","3.1","3.2","3.3","3.1","3.149","","3.71","","3.921","","","","","","","3.424","3.478","","",
"Norway","NOR","Physicians (per 1,000 people)","SH.MED.PHYS.ZS","1.2","","1.2","1.1","1.2","1.3","1.3","1.3","1.4","1.4","1.4","1.5","1.5","1.6","1.7","1.7","1.8","1.9","1.9","1.9","2","2","2.1","2.1","2.2","2.2","2.3","2.5","","","","2.6","2.6","2.6","2.7","2.8","2.8","2.5","2.7","2.8","2.9","3","3.1","3.1","","","3.77","3.889","4.076","4.053","4.112","4.187","4.232","4.303","4.42","4.385","","",
"Nepal","NPL","Physicians (per 1,000 people)","SH.MED.PHYS.ZS","0.013","","","","","0.021","","","","","0.019","","","","","0.019","","","","","0.034","","","","0.031","0.034","","0.051","0.051","0.054","0.051","0.062","0.076","0.074","","0.04","0.04","0.04","0.04","","","0.052","","","0.214","","","","","","","","0.506","0.545","0.598","","","",
"Nauru","NRU","Physicians (per 1,000 people)","SH.MED.PHYS.ZS","","","","","","","","","","","","","","","","","","","","","","","","","","","","","","","","","","","","1.605","","","","","","","","","0.989","","","","0.995","0.997","0.998","1.394","","","","","","",
"New Zealand","NZL","Physicians (per 1,000 people)","SH.MED.PHYS.ZS","","1.1","","","","","1.1","","","","","1.1","","1.2","","","1.3","1.4","1.4","1.5","1.6","1.6","1.6","1.7","1.7","1.7","1.8","1.8","1.9","1.9","1.9","1.9","1.9","1.9","2","2","2","2.2","2.2","2.2","","2.311","2.067","2.2","","","","2.302","2.547","2.679","2.612","2.641","2.698","2.818","2.852","3.061","","",
"OECD members","OED","Physicians (per 1,000 people)","SH.MED.PHYS.ZS","","","","","","","","","","","","","","","","","","","","","","","","","","","","","","","2.00147274125322","","","","","","","","","","2.5384621291545","","","","","","","","","","","","","2.86381389578626","","","","",
"Oman","OMN","Physicians (per 1,000 people)","SH.MED.PHYS.ZS","0.03","","","","","0.038","","","","","0.108","","","","","0.107","","","","","0.467","","0.549","","","0.523","","0.834","","0.883","0.795","","","0.884","","1.13","","0.862","0.943","0.977","1.455","","1.257","","1.581","1.668","1.793","1.892","1.958","2.014","1.991","1.971","1.99","","1.541","","1.915","",
"Other small states","OSS","Physicians (per 1,000 people)","SH.MED.PHYS.ZS","","","","","","","","","","","","","","","","","","","","","","","","","","","","","","","0.866135157796171","","","","","","","","","","","","","","","","","","","","","","","1.09046793390468","","","","",
"Pakistan","PAK","Physicians (per 1,000 people)","SH.MED.PHYS.ZS","0.185","","","","","","","","","","0.232","","","","","0.233","","","","","0.285","0.344","0.342","","","","0.351","","","","0.462","0.48","0.528","0.54","0.554","0.568","0.591","0.609","0.626","0.644","0.664","0.681","","","0.774","0.824","","0.8","0.821","0.838","0.852","0.877","","","0.806","0.978","","",
"Panama","PAN","Physicians (per 1,000 people)","SH.MED.PHYS.ZS","0.356","","","","","0.478","","","","","0.613","","","","","0.597","","","","","","0.993","","","1.021","1.006","","","1.793","","1.113","1.122","1.144","1.178","1.126","1.167","1.206","1.204","1.194","1.233","1.502","1.245","1.337","1.343","1.325","1.352","1.354","1.309","1.388","1.317","1.414","1.508","1.609","1.594","","","","",
"Peru","PER","Physicians (per 1,000 people)","SH.MED.PHYS.ZS","0.51","","","","","0.605","","","","","0.521","","","","","0.526","","","","0.692","0.716","0.76","0.846","0.902","0.908","0.929","0.984","0.983","0.965","1.035","1.064","","1.03","","","0.98","","0.932","","1.166","","","","","","","","","","0.94","0.92","","1.116","","","","","",
"Philippines","PHL","Physicians (per 1,000 people)","SH.MED.PHYS.ZS","0.146","","","","","","","","","","0.111","","","","","0.113","","","","","0.128","0.15","","","0.154","0.154","","","","0.124","0.119","","0.108","","","","1.23","1.24","","","0.568","","1.112","","1.11","","","","","","","","","","","","","",
"Palau","PLW","Physicians (per 1,000 people)","SH.MED.PHYS.ZS","","","","","","","","","","","","","","","","","","","","","","","","","","","","","","","","","","","","","","","1.404","","1.58","","","","","","1.299","","","1.426","1.417","","","","1.185","","","",
"Papua New Guinea","PNG","Physicians (per 1,000 people)","SH.MED.PHYS.ZS","","","","","","0.079","","","","","0.086","","","0.056","","0.085","","","","","0.062","0.062","","","","0.162","","","","","0.073","","","","","","","","0.073","","0.051","","","","","","","","0.051","","0.055","","","","","","","",
"Poland","POL","Physicians (per 1,000 people)","SH.MED.PHYS.ZS","1","1","1.1","1.1","1.2","1.2","1.3","1.3","1.4","1.4","1.4","1.5","1.5","1.5","1.6","1.6","1.6","1.7","1.7","1.7","1.8","1.8","1.8","1.9","1.9","2","2","2.1","2.1","2.1","2.1","2.2","2.2","2.2","2.3","2.3","2.4","2.4","2.3","2.3","2.2","2.3","2.3","2.469","","1.97","2.012","","2.144","","2.157","2.182","2.202","2.207","2.271","2.29","","",
"Pre-demographic dividend","PRE","Physicians (per 1,000 people)","SH.MED.PHYS.ZS","","","","","","","","","","","","","","","","","","","","","","","","","","","","","","","0.125725448091276","","","","","","","","","","0.174156522046197","","","","","","","","","","","","","0.206129925320365","","","","",
"Puerto Rico","PRI","Physicians (per 1,000 people)","SH.MED.PHYS.ZS","","","","","","","","","","","","","","","","","","","","","","","","","","","","","","","","","","","","1.75","","","","","","","","","","","","","","","","","","","","","","",
"Korea, Dem. People’s Rep.","PRK","Physicians (per 1,000 people)","SH.MED.PHYS.ZS","","","","","","","","","","","","","","","","","","","","","","","2.549","2.511","","","","","","","","","","","","2.97","","","","","","","","3.181","","","","","3.297","","","2.777","3.451","","3.507","","","",
"Portugal","PRT","Physicians (per 1,000 people)","SH.MED.PHYS.ZS","0.8","0.8","0.9","0.8","0.8","0.9","0.9","0.9","1","0.9","0.9","1","1","1.1","1.2","1.2","1.3","1.5","1.7","1.9","2","2.1","2.2","2.3","2.4","2.5","2.6","2.6","2.7","2.8","2.8","2.8","2.9","2.9","2.9","2.9","3","3","3.1","3.1","3.2","3.2","3.257","3.311","3.372","3.448","3.511","3.593","3.681","3.786","3.842","3.983","4.101","4.26","4.426","","","",
"Paraguay","PRY","Physicians (per 1,000 people)","SH.MED.PHYS.ZS","0.534","","","","","0.533","","","","","0.435","","","","","0.439","","","","0.563","","0.579","","","0.701","0.675","","","0.64","","0.65","0.813","","","0.28","0.73","","1.098","","","1.17","","1.154","","","","","","","","","","1.286","","","","","",
"West Bank and Gaza","PSE","Physicians (per 1,000 people)","SH.MED.PHYS.ZS","","","","","","","","","","","","","","","","","","","","","","","","","","","","","","","","","","","","","","","0.5","","","0.837","","","","","","","","","","","","","","","","",
"Pacific island small states","PSS","Physicians (per 1,000 people)","SH.MED.PHYS.ZS","","","","","","","","","","","","","","","","","","","","","","","","","","","","","","","0.275968807268112","","","","","","","","","","0.369617935431024","","","","","","","","","","","","","0.491977310009152","","","","",
"Post-demographic dividend","PST","Physicians (per 1,000 people)","SH.MED.PHYS.ZS","","","","","","","","","","","","","","","","","","","","","","","","","","","","","","","2.32770291329705","","","","","","","","","","2.79021649792883","","","","","","","","","","","","","3.12153589208209","","","","",
"French Polynesia","PYF","Physicians (per 1,000 people)","SH.MED.PHYS.ZS","","","","","","","","","","","","","","","","","","","","","","","","","","1.252","","","","","","","","","","","","","","","1.697","","","","","","","","","","","","","","","","","",
"Qatar","QAT","Physicians (per 1,000 people)","SH.MED.PHYS.ZS","","","","","","","","","","","0.513","","","","","","","","","","","0.738","","","","","1.676","","","","1.5","","","","","","1.26","1.26","","","","2.217","","","","2.569","2.34","","3.319","3.222","3.919","","","","1.964","","","",
"Romania","ROU","Physicians (per 1,000 people)","SH.MED.PHYS.ZS","1.269","","","","","1.316","","","","","1.185","1.208","","1.242","","1.318","1.332","1.355","1.377","1.413","1.476","1.541","1.635","1.972","1.724","1.762","1.783","1.79","1.805","1.811","1.802","1.816","1.866","1.77","1.765","1.768","1.81","1.791","1.836","1.909","1.889","1.887","1.972","1.905","","","1.917","","","","2.502","2.543","2.625","2.669","","","","",
"Russian Federation","RUS","Physicians (per 1,000 people)","SH.MED.PHYS.ZS","","","","","","","","","","","","","","","","","","","","","","","","","","3.871","3.939","4.004","4.04","4.085","4.07","4.046","3.872","3.972","3.835","3.859","4.096","4.155","4.209","4.194","","4.172","4","4.252","4","4","4.309","","","","5","4.244","4.031","4.022","4.163","3.975","","",
"Rwanda","RWA","Physicians (per 1,000 people)","SH.MED.PHYS.ZS","0.008","","","","","0.014","","","","","0.017","","","","","0.017","","","","","0.032","0.031","","0.029","","0.027","","","","0.04","","","","0.04","","","","","","","","","0.019","","0.049","0.024","","","0.052","0.055","0.055","","","","","0.064","","",
"South Asia","SAS","Physicians (per 1,000 people)","SH.MED.PHYS.ZS","","","","","","","","","","","","","","","","","","","","","","","","","","","","","","","1.00552621927036","","","","","","","","","","0.499323923088279","","","","","","","","","","","","","0.745712250335423","","","","",
"Saudi Arabia","SAU","Physicians (per 1,000 people)","SH.MED.PHYS.ZS","0.061","","","","","0.106","","","","","0.134","","","","","","","","","","","0.55","","","","","1.346","","","","1.433","","","1.335","","","","1.66","","","0.699","0.657","","","1.37","","","1.622","1.997","2.017","2.35","2.416","2.425","","2.568","","","",
"Sudan","SDN","Physicians (per 1,000 people)","SH.MED.PHYS.ZS","0.03","","","","","0.041","","","","","0.068","","","","","0.068","","","","","0.11","0.101","","","0.096","","0.09","","","","","","","","0.105","","0.09","","","","0.158","","","","0.242","","0.338","0.337","0.314","","0.28","","","","","","","",
"Senegal","SEN","Physicians (per 1,000 people)","SH.MED.PHYS.ZS","0.044","","","","","0.051","","","","","0.063","","","","","0.061","","","","","","0.079","0.077","","","","","","","","0.055","","0.068","","0.096","0.075","0.093","0.093","0.095","","","","","","0.054","","","","0.061","","0.059","","","","","","0.068","",
"Singapore","SGP","Physicians (per 1,000 people)","SH.MED.PHYS.ZS","0.42","","","","","0.526","","","","","0.657","","","","","0.667","","","","","0.851","0.877","","","","0.998","0.723","","1.111","","1.266","1.32","1.348","1.385","1.411","","","","1.627","1.393","","1.428","","1.5","1.484","1.501","1.502","1.56","1.617","1.676","1.736","1.747","1.82","1.913","","","2.276","",
"Solomon Islands","SLB","Physicians (per 1,000 people)","SH.MED.PHYS.ZS","0.186","","","","","","","","","","0.205","","","","","","","","","","","","","","","","0.135","","","0.152","","","0.157","","","0.14","","","","0.135","","","","0.134","","0.19","","","0.177","","0.224","0.203","0.157","0.191","","","","",
"Sierra Leone","SLE","Physicians (per 1,000 people)","SH.MED.PHYS.ZS","0.047","","","","","0.059","","","","","0.056","","","","","0.054","","","","","0.058","0.053","","","0.075","","","","","","","","","","","","0.073","","","","","","","","0.034","","","","0.017","","0.024","","","","","","","",
"El Salvador","SLV","Physicians (per 1,000 people)","SH.MED.PHYS.ZS","0.187","","","","","","","","","","0.243","","","","","0.242","","","","","0.326","0.387","","","0.352","","","","0.647","","0.84","","","0.66","","0.91","","1.071","","1.258","1.211","","1.351","","","1.741","1.5","","1.922","","1.596","","","","","","","",
"San Marino","SMR","Physicians (per 1,000 people)","SH.MED.PHYS.ZS","","","","","","","","","","","","","","","","","","","","","2.06","2.218","2.181","2.247","2.166","2.287","2.399","2.519","2.538","2.423","","","","","","","","","","","","","","","","","","","","","","5.01","5.261","5.225","6.363","","","",
"Somalia","SOM","Physicians (per 1,000 people)","SH.MED.PHYS.ZS","0.024","","","","","0.027","","","","","0.037","","","","","0.038","","","","","0.046","0.041","","","0.071","","","","","","","","","0.042","","","","0.04","","","","","","","","","0.035","","","","0.035","","","","0.029","","","",
"Serbia","SRB","Physicians (per 1,000 people)","SH.MED.PHYS.ZS","","","","","","","","","","","","","","","","","","","","","","","","","","","","","","","","","","","","","","","","","","","","","","","1.99","2.035","","2.292","2.463","2.484","2.484","2.489","2.463","","","",
"Sub-Saharan Africa (excluding high income)","SSA","Physicians (per 1,000 people)","SH.MED.PHYS.ZS","","","","","","","","","","","","","","","","","","","","","","","","","","","","","","","0.137420626440237","","","","","","","","","","0.122786279573365","","","","","","","","","","","","","0.193139218198804","","","","",
"South Sudan","SSD","Physicians (per 1,000 people)","SH.MED.PHYS.ZS","","","","","","","","","","","","","","","","","","","","","","","","","","","","","","","","","","","","","","","","","","","","","","","","","","","","","","","","","","",
"Sub-Saharan Africa","SSF","Physicians (per 1,000 people)","SH.MED.PHYS.ZS","","","","","","","","","","","","","","","","","","","","","","","","","","","","","","","0.137420626440237","","","","","","","","","","0.122786279573365","","","","","","","","","","","","","0.193216275180392","","","","",
"Small states","SST","Physicians (per 1,000 people)","SH.MED.PHYS.ZS","","","","","","","","","","","","","","","","","","","","","","","","","","","","","","","0.75469892989222","","","","","","","","","","","","","","","","","","","","","","","1.0153716868675","","","","",
"Sao Tome and Principe","STP","Physicians (per 1,000 people)","SH.MED.PHYS.ZS","0.3","","","","","","","","","","0.233","","","","","","","","","","0.438","0.419","","0.537","","","","","","0.546","0.53","","0.328","","","","0.467","","","","","","","","0.541","","","","","","","","","","","","","",
"Suriname","SUR","Physicians (per 1,000 people)","SH.MED.PHYS.ZS","0.51","","","","","","","","","","0.465","","","","","","","","","","","","","","0.791","","","","","","0.75","","","0.762","","0.75","0.252","","","","0.397","","","","0.817","","","","","","","","","","","","","",
"Slovak Republic","SVK","Physicians (per 1,000 people)","SH.MED.PHYS.ZS","","","","","","","","","","","","","","","","","","","","","","","","","","","","","","","","","","","","","","","","","3.2","3.1","3.1","3.179","3.12","","","3.005","","3.295","","","","3.387","","3.45","","",
"Slovenia","SVN","Physicians (per 1,000 people)","SH.MED.PHYS.ZS","","","","","","","","","","","","","","","","","","","","","1.771","","1.843","","1.861","1.879","1.882","2.004","2.024","2.063","1.99","2.079","2.091","2.03","2.19","2.121","2.135","2.147","2.178","2.135","2.17","2.194","2.253","","","2.4","2.424","","2.473","","2.426","2.487","2.534","2.623","2.765","2.82","","",
"Sweden","SWE","Physicians (per 1,000 people)","SH.MED.PHYS.ZS","1","1","1","1","1.1","1.1","1.1","1.2","1.2","1.3","1.3","1.4","1.5","1.5","1.6","1.7","1.8","1.9","2","2","2.2","2.3","2.3","2.4","2.6","2.6","2.8","2.8","2.8","2.8","2.9","","2.7","2.7","2.8","2.9","2.9","2.9","3","3","3.1","3.2","3.284","","3.28","","3.583","3.244","3.77","3.868","3.893","3.963","4.038","4.119","4.188","","","",
"Eswatini","SWZ","Physicians (per 1,000 people)","SH.MED.PHYS.ZS","0.104","","","","","","","","","","0.124","","","","","","","","","","","","","0.053","","","","","","","0.108","","","","","","0.151","","","","","0.167","","0.147","0.156","","","","","0.147","","","","","","","","",
"Sint Maarten (Dutch part)","SXM","Physicians (per 1,000 people)","SH.MED.PHYS.ZS","","","","","","","","","","","","","","","","","","","","","","","","","","","","","","","","","","","","","","","","","","","","","","","","","","","","","","","","","","",
"Seychelles","SYC","Physicians (per 1,000 people)","SH.MED.PHYS.ZS","0.312","","","","","","","","","","0.224","","","","","0.218","","","","","","","","0.407","","0.445","","","","","","","","1.027","","","1.324","","","","","","","","1.385","1.172","0.834","1.002","0.764","1.115","1.074","1.141","0.984","","","","","",
"Syrian Arab Republic","SYR","Physicians (per 1,000 people)","SH.MED.PHYS.ZS","0.216","","","","","0.185","","","","","0.259","","","","","0.256","","","","","0.446","0.463","","","","","0.807","0.783","","0.863","0.835","","","","","","","1.299","1.342","1.339","1.37","1.399","1.475","1.414","1.465","1.558","0.53","1.523","1.528","1.455","1.505","","","","1.546","","","",
"Turks and Caicos Islands","TCA","Physicians (per 1,000 people)","SH.MED.PHYS.ZS","","","","","","","","","","","","","","","","","","","","","","","","","","","","","","","","","","","","","","","","","","","","","","","","","","","","","","","","","","",
"Chad","TCD","Physicians (per 1,000 people)","SH.MED.PHYS.ZS","0.014","","","","","0.014","","","","","0.016","","","","","","","","0.021","","","","","","","","0.026","","","0.026","","","","","0.033","","","0.026","0.02","0.029","0.028","0.025","","","0.036","","0.035","","","","","","0.042","0.044","","","","",
"East Asia & Pacific (IDA & IBRD countries)","TEA","Physicians (per 1,000 people)","SH.MED.PHYS.ZS","","","","","","","","","","","","","","","","","","","","","","","","","","","","","","","0.863447400163847","","","","","","","","","","0.987094464260447","","","","","","","","","","","","","1.43634689689778","","","","",
"Europe & Central Asia (IDA & IBRD countries)","TEC","Physicians (per 1,000 people)","SH.MED.PHYS.ZS","","","","","","","","","","","","","","","","","","","","","","","","","","","","","","","3.21161275940133","","","","","","","","","","3.07235245245137","","","","","","","","","","","","","2.98595350503245","","","","",
"Togo","TGO","Physicians (per 1,000 people)","SH.MED.PHYS.ZS","0.021","","","","","0.043","","","","","0.035","","","","","0.035","","","","","0.055","0.049","","","0.117","","0.085","","","","","0.088","","","0.056","0.076","","","","","","0.057","","","0.045","","","0.049","0.058","","0.053","","","","","","","",
"Thailand","THA","Physicians (per 1,000 people)","SH.MED.PHYS.ZS","0.129","","","","","0.14","","","","","0.121","","","","","0.119","","","","","0.147","0.146","","0.16","0.16","0.169","0.182","0.181","0.21","0.233","0.225","0.224","0.234","0.234","0.238","0.239","0.269","0.274","0.293","0.293","0.368","0.299","0.296","0.277","0.289","0.293","0.286","0.295","0.317","0.34","0.394","","","","","0.47","","",
"Tajikistan","TJK","Physicians (per 1,000 people)","SH.MED.PHYS.ZS","","","","","","","","","","","","","","","","","","","","","","","","","","2.527","2.556","2.582","2.697","2.678","2.551","2.614","2.266","2.177","2.254","2.136","2.086","2.023","2.088","2.127","2.182","2.134","2.047","1.942","1.95","1.95","1.909","1.886","1.917","","1.685","1.708","1.715","1.698","1.714","","","",
"Turkmenistan","TKM","Physicians (per 1,000 people)","SH.MED.PHYS.ZS","","","","","","","","","","","","","","","","","","","","","2.839","","","","","3.304","3.44","3.527","3.55","3.6","3.614","3.673","3.589","3.57","3.535","3.17","3.222","3.171","","","","","4.355","","","","2.49","2.438","","","2.295","2.314","2.279","2.266","2.291","","","",
"Latin America & the Caribbean (IDA & IBRD countries)","TLA","Physicians (per 1,000 people)","SH.MED.PHYS.ZS","","","","","","","","","","","","","","","","","","","","","","","","","","","","","","","1.16763542434161","","","","","","","","","","1.50238037801183","","","","","","","","","","","","","1.93397588678154","","","","",
"Timor-Leste","TLS","Physicians (per 1,000 people)","SH.MED.PHYS.ZS","","","","","","","","","","","","","","","","","","","","","","","","","","","","","","","","","","","","","","","","","","","","","0.082","","","0.034","0.037","0.044","0.079","0.078","","","","","","",
"Middle East & North Africa (IDA & IBRD countries)","TMN","Physicians (per 1,000 people)","SH.MED.PHYS.ZS","","","","","","","","","","","","","","","","","","","","","","","","","","","","","","","0.575011230995135","","","","","","","","","","1.2245548076143","","","","","","","","","","","","","1.11849270915118","","","","",
"Tonga","TON","Physicians (per 1,000 people)","SH.MED.PHYS.ZS","0.375","","","","","","","","","","0.256","","","","","","","","","","0.362","0.602","0.6","","","","","","","0.492","","0.508","","","","","","0.44","","","0.499","0.356","0.303","","","","","0.563","0.554","0.599","0.558","","","","","","","",
"South Asia (IDA & IBRD)","TSA","Physicians (per 1,000 people)","SH.MED.PHYS.ZS","","","","","","","","","","","","","","","","","","","","","","","","","","","","","","","1.00552621927036","","","","","","","","","","0.499323923088279","","","","","","","","","","","","","0.745712250335423","","","","",
"Sub-Saharan Africa (IDA & IBRD countries)","TSS","Physicians (per 1,000 people)","SH.MED.PHYS.ZS","","","","","","","","","","","","","","","","","","","","","","","","","","","","","","","0.137420626440237","","","","","","","","","","0.122786279573365","","","","","","","","","","","","","0.193216275180392","","","","",
"Trinidad and Tobago","TTO","Physicians (per 1,000 people)","SH.MED.PHYS.ZS","0.418","","","","","0.262","","","","","0.445","","","","","0.454","","","","","0.726","0.673","","","1.043","","","","","","0.72","0.732","","0.658","0.788","0.943","0.761","0.753","0.939","0.926","1.006","0.97","0.825","0.808","","","1.222","1.179","","1.507","1.809","1.821","","","","","","",
"Tunisia","TUN","Physicians (per 1,000 people)","SH.MED.PHYS.ZS","0.1","","","","","0.125","","","","","0.169","","","","","0.169","","","","","0.271","0.275","","","","","0.461","","","","0.537","0.535","0.593","0.598","0.597","0.654","0.667","0.689","0.718","0.744","0.767","0.794","0.807","0.824","1.331","0.933","","1.025","1.108","","1.222","","","","1.269","1.289","","",
"Turkey","TUR","Physicians (per 1,000 people)","SH.MED.PHYS.ZS","0.3","0.3","0.4","0.4","0.3","0.4","0.4","0.4","0.4","0.4","0.4","0.5","0.5","0.5","0.5","0.5","0.6","0.6","0.6","0.6","0.6","0.6","0.7","0.7","0.7","0.7","0.7","0.7","0.8","0.9","0.938","0.97","1.021","1.077","1.143","1.185","1.193","1.22","1.261","1.316","1.348","1.399","1.412","1.43","1.45","1.486","1.521","1.559","1.609","1.665","1.707","1.714","1.734","1.755","1.749","","","",
"Tuvalu","TUV","Physicians (per 1,000 people)","SH.MED.PHYS.ZS","","","","","","","","","","","","","","","","","","","","","","","","","","","","","","","","","","","","","","","","","","","0.63","1.043","","","","","1.021","1.223","1.091","","","","","","","",
"Tanzania","TZA","Physicians (per 1,000 people)","SH.MED.PHYS.ZS","0.055","0.04","","","","0.045","","","","","0.044","","","","","0.044","","","","","","","","","0.039","0.035","","0.039","","","","","","","0.042","0.041","","","","","","","0.023","","","","","","","","0.008","","0.03","","0.022","","","",
"Uganda","UGA","Physicians (per 1,000 people)","SH.MED.PHYS.ZS","0.074","","","","","0.09","","","","","0.108","","","","","0.108","","","","","","0.047","0.046","","0.044","","","","","0.045","","","","0.04","","","","","","","","","0.047","","0.081","0.12","","","","","0.117","","","","","0.093","","",
"Ukraine","UKR","Physicians (per 1,000 people)","SH.MED.PHYS.ZS","","","","","","","","","","","","","","","","","","","","","3.515","3.631","3.741","3.82","3.909","4.002","4.06","4.143","4.2","4.275","4.29","4.345","4.297","4.342","4.314","4.407","2.992","2.97","2.99","2.986","2.978","","","2.951","","","3.125","","","","3.494","3.495","3.501","3.506","3","","","",
"Upper middle income","UMC","Physicians (per 1,000 people)","SH.MED.PHYS.ZS","","","","","","","","","","","","","","","","","","","","","","","","","","","","","","","1.34000637676152","","","","","","","","","","1.52273449738525","","","","","","","","","","","","","1.91673464666251","","","","",
"Uruguay","URY","Physicians (per 1,000 people)","SH.MED.PHYS.ZS","1.064","","","","","1.136","","","","","1.093","","","","","1.111","","","","","","1.997","","","1.926","1.947","","","","","3.68","","3.226","","","3.56","3.703","","","3.745","","","3.721","","","","","4.181","3.938","","3.736","","","","","","","",
"United States","USA","Physicians (per 1,000 people)","SH.MED.PHYS.ZS","1.1","","","","","1.2","","","","","1.2","","","","","1.3","1.3","1.3","1.4","1.4","1.5","1.5","1.6","1.6","","1.7","1.7","1.8","1.8","1.8","1.8","1.9","1.9","1.9","","2.428","2","2.1","2.1","2.2","2.583","2.2","2.3","","2.704","","2.402","2.41","2.416","2.422","2.429","2.458","2.492","2.554","2.568","","","",
"Uzbekistan","UZB","Physicians (per 1,000 people)","SH.MED.PHYS.ZS","","","","","","","","","","","","","","","","","","","","","2.669","","","","","2.694","3.255","3.319","3.364","3.386","3.388","3.425","3.321","3.338","3.295","3.239","3.171","3.115","3.085","2.975","2.946","2.885","","2.745","","2.65","","2.617","","2.561","2.614","2.576","2.518","2.479","2.451","","","",
"St. Vincent and the Grenadines","VCT","Physicians (per 1,000 people)","SH.MED.PHYS.ZS","0.1","","","","","","","","","","0.182","","","","","","","","","","","","","","0.266","","","","","","0.46","0.135","","","","0.46","","0.935","","","0.825","0.574","","","","","","","","","","","","","","","","",
"Venezuela, RB","VEN","Physicians (per 1,000 people)","SH.MED.PHYS.ZS","0.666","","","","","0.815","","","","","0.883","","","","0.904","0.904","0.904","","","","0.83","0.996","0.833","","1.436","1.196","1.399","1.401","1.6","1.695","1.564","","","","","1.94","","","","","","1.925","","","","","","","","","","","","","","","","",
"British Virgin Islands","VGB","Physicians (per 1,000 people)","SH.MED.PHYS.ZS","","","","","","","","","","","","","","","","","","","","","","","","","","","","","","","","","","","","","","","","","","","","","","","","","","","","","","","","","","",
"Virgin Islands (U.S.)","VIR","Physicians (per 1,000 people)","SH.MED.PHYS.ZS","","","","","","","","","","","","","","","","","","","","","","","","","","","","","","","1.65","","","","","1.645","","","","","","","","","","","","","","","","","","","","","","",
"Vietnam","VNM","Physicians (per 1,000 people)","SH.MED.PHYS.ZS","","","","","","","","","","","","","","","","","","","","","0.241","0.247","","","","","1.056","","","0.391","0.404","0.407","0.437","","","","","0.569","0.48","0.515","","0.522","0.549","","","0.611","0.621","0.639","0.662","0.695","0.695","1.152","0.816","1.18","0.777","0.79","0.821","",
"Vanuatu","VUT","Physicians (per 1,000 people)","SH.MED.PHYS.ZS","0.277","","","","","","","","","","0.301","","","","","","","","","","0.191","0.189","","","","","0.204","","","0.125","","0.099","","","","","","0.114","","","","","","","0.147","","","0.118","0.115","","0.116","","0.186","","","","","",
"World","WLD","Physicians (per 1,000 people)","SH.MED.PHYS.ZS","","","","","","","","","","","","","","","","","","","","","","","","","","","","","","","1.25825872644808","","","","","","","","","","1.28895390127724","","","","","","","","","","","","","1.4890209888016","","","","",
"Samoa","WSM","Physicians (per 1,000 people)","SH.MED.PHYS.ZS","0.441","","","","","","","","","","0.35","","","","","","","","","","0.361","0.404","","","","","0.28","","","0.207","","","0.365","","","","0.344","","0.33","0.691","","","","0.281","","0.278","","","0.463","","0.344","","","","","","","",
"Kosovo","XKX","Physicians (per 1,000 people)","SH.MED.PHYS.ZS","","","","","","","","","","","","","","","","","","","","","","","","","","","","","","","","","","","","","","","","","","","","","","","","","","","","","","","","","","",
"Yemen, Rep.","YEM","Physicians (per 1,000 people)","SH.MED.PHYS.ZS","0.023","","","","","0.032","","","","","0.029","","","","","","","","","","","0.145","","","","0.171","","","","","0.007","","","","","0.247","0.23","0.233","0.2","","","0.219","","","0.338","","","","0.31","0.31","","","","","0.311","","","",
"South Africa","ZAF","Physicians (per 1,000 people)","SH.MED.PHYS.ZS","","","","","","0.488","","","","","","","","","","0.539","","","0.551","","","","","","","","","0.613","","","","","0.624","","","","0.593","","","","","","","","0.731","","","","","","0.728","0.715","0.725","0.742","0.756","0.767","0.818","",
"Zambia","ZMB","Physicians (per 1,000 people)","SH.MED.PHYS.ZS","0.107","","","","","0.088","","","","","0.073","","","","","0.074","","","","","0.076","0.126","","0.14","","0.141","","","","","0.092","","","","","0.069","","","","","","","","","0.128","0.054","0.052","","0.061","0.059","0.06","0.161","0.162","","","","0.091","",
"Zimbabwe","ZWE","Physicians (per 1,000 people)","SH.MED.PHYS.ZS","0.202","","","","","0.125","","","","","0.162","","","","","0.158","","","","","0.161","0.139","","","","0.162","","0.135","","","0.126","","","","","0.14","","","","","","","0.057","","0.162","","","0.05","0.055","0.06","0.066","0.074","0.073","0.075","0.077","","","",
